{
    "block.note_block.banjo_-2": {
        "sounds": [
            "note/banjo_-2"
        ],
        "subtitle": "subtitles.block.note_block.note"
    },
    "block.note_block.banjo_-1": {
        "sounds": [
            "note/banjo_-1"
        ],
        "subtitle": "subtitles.block.note_block.note"
    },
    "block.note_block.banjo_1": {
        "sounds": [
            "note/banjo_1"
        ],
        "subtitle": "subtitles.block.note_block.note"
    },
    "block.note_block.banjo_2": {
        "sounds": [
            "note/banjo_2"
        ],
        "subtitle": "subtitles.block.note_block.note"
    },
    "block.note_block.basedrum_-2": {
        "sounds": [
            "note/bd_-2"
        ],
        "subtitle": "subtitles.block.note_block.note"
    },
    "block.note_block.basedrum_-1": {
        "sounds": [
            "note/bd_-1"
        ],
        "subtitle": "subtitles.block.note_block.note"
    },
    "block.note_block.basedrum_1": {
        "sounds": [
            "note/bd_1"
        ],
        "subtitle": "subtitles.block.note_block.note"
    },
    "block.note_block.basedrum_2": {
        "sounds": [
            "note/bd_2"
        ],
        "subtitle": "subtitles.block.note_block.note"
    },
    "block.note_block.bass_-2": {
        "sounds": [
            "note/bassattack_-2"
        ],
        "subtitle": "subtitles.block.note_block.note"
    },
    "block.note_block.bass_-1": {
        "sounds": [
            "note/bassattack_-1"
        ],
        "subtitle": "subtitles.block.note_block.note"
    },
    "block.note_block.bass_1": {
        "sounds": [
            "note/bassattack_1"
        ],
        "subtitle": "subtitles.block.note_block.note"
    },
    "block.note_block.bass_2": {
        "sounds": [
            "note/bassattack_2"
        ],
        "subtitle": "subtitles.block.note_block.note"
    },
    "block.note_block.bell_-2": {
        "sounds": [
            "note/bell_-2"
        ],
        "subtitle": "subtitles.block.note_block.note"
    },
    "block.note_block.bell_-1": {
        "sounds": [
            "note/bell_-1"
        ],
        "subtitle": "subtitles.block.note_block.note"
    },
    "block.note_block.bell_1": {
        "sounds": [
            "note/bell_1"
        ],
        "subtitle": "subtitles.block.note_block.note"
    },
    "block.note_block.bell_2": {
        "sounds": [
            "note/bell_2"
        ],
        "subtitle": "subtitles.block.note_block.note"
    },
    "block.note_block.bit_-2": {
        "sounds": [
            "note/bit_-2"
        ],
        "subtitle": "subtitles.block.note_block.note"
    },
    "block.note_block.bit_-1": {
        "sounds": [
            "note/bit_-1"
        ],
        "subtitle": "subtitles.block.note_block.note"
    },
    "block.note_block.bit_1": {
        "sounds": [
            "note/bit_1"
        ],
        "subtitle": "subtitles.block.note_block.note"
    },
    "block.note_block.bit_2": {
        "sounds": [
            "note/bit_2"
        ],
        "subtitle": "subtitles.block.note_block.note"
    },
    "block.note_block.chime_-2": {
        "sounds": [
            "note/icechime_-2"
        ],
        "subtitle": "subtitles.block.note_block.note"
    },
    "block.note_block.chime_-1": {
        "sounds": [
            "note/icechime_-1"
        ],
        "subtitle": "subtitles.block.note_block.note"
    },
    "block.note_block.chime_1": {
        "sounds": [
            "note/icechime_1"
        ],
        "subtitle": "subtitles.block.note_block.note"
    },
    "block.note_block.chime_2": {
        "sounds": [
            "note/icechime_2"
        ],
        "subtitle": "subtitles.block.note_block.note"
    },
    "block.note_block.cow_bell_-2": {
        "sounds": [
            "note/cow_bell_-2"
        ],
        "subtitle": "subtitles.block.note_block.note"
    },
    "block.note_block.cow_bell_-1": {
        "sounds": [
            "note/cow_bell_-1"
        ],
        "subtitle": "subtitles.block.note_block.note"
    },
    "block.note_block.cow_bell_1": {
        "sounds": [
            "note/cow_bell_1"
        ],
        "subtitle": "subtitles.block.note_block.note"
    },
    "block.note_block.cow_bell_2": {
        "sounds": [
            "note/cow_bell_2"
        ],
        "subtitle": "subtitles.block.note_block.note"
    },
    "block.note_block.didgeridoo_-2": {
        "sounds": [
            "note/didgeridoo_-2"
        ],
        "subtitle": "subtitles.block.note_block.note"
    },
    "block.note_block.didgeridoo_-1": {
        "sounds": [
            "note/didgeridoo_-1"
        ],
        "subtitle": "subtitles.block.note_block.note"
    },
    "block.note_block.didgeridoo_1": {
        "sounds": [
            "note/didgeridoo_1"
        ],
        "subtitle": "subtitles.block.note_block.note"
    },
    "block.note_block.didgeridoo_2": {
        "sounds": [
            "note/didgeridoo_2"
        ],
        "subtitle": "subtitles.block.note_block.note"
    },
    "block.note_block.flute_-2": {
        "sounds": [
            "note/flute_-2"
        ],
        "subtitle": "subtitles.block.note_block.note"
    },
    "block.note_block.flute_-1": {
        "sounds": [
            "note/flute_-1"
        ],
        "subtitle": "subtitles.block.note_block.note"
    },
    "block.note_block.flute_1": {
        "sounds": [
            "note/flute_1"
        ],
        "subtitle": "subtitles.block.note_block.note"
    },
    "block.note_block.flute_2": {
        "sounds": [
            "note/flute_2"
        ],
        "subtitle": "subtitles.block.note_block.note"
    },
    "block.note_block.guitar_-2": {
        "sounds": [
            "note/guitar_-2"
        ],
        "subtitle": "subtitles.block.note_block.note"
    },
    "block.note_block.guitar_-1": {
        "sounds": [
            "note/guitar_-1"
        ],
        "subtitle": "subtitles.block.note_block.note"
    },
    "block.note_block.guitar_1": {
        "sounds": [
            "note/guitar_1"
        ],
        "subtitle": "subtitles.block.note_block.note"
    },
    "block.note_block.guitar_2": {
        "sounds": [
            "note/guitar_2"
        ],
        "subtitle": "subtitles.block.note_block.note"
    },
    "block.note_block.harp_-2": {
        "sounds": [
            "note/harp2_-2"
        ],
        "subtitle": "subtitles.block.note_block.note"
    },
    "block.note_block.harp_-1": {
        "sounds": [
            "note/harp2_-1"
        ],
        "subtitle": "subtitles.block.note_block.note"
    },
    "block.note_block.harp_1": {
        "sounds": [
            "note/harp2_1"
        ],
        "subtitle": "subtitles.block.note_block.note"
    },
    "block.note_block.harp_2": {
        "sounds": [
            "note/harp2_2"
        ],
        "subtitle": "subtitles.block.note_block.note"
    },
    "block.note_block.hat_-2": {
        "sounds": [
            "note/hat_-2"
        ],
        "subtitle": "subtitles.block.note_block.note"
    },
    "block.note_block.hat_-1": {
        "sounds": [
            "note/hat_-1"
        ],
        "subtitle": "subtitles.block.note_block.note"
    },
    "block.note_block.hat_1": {
        "sounds": [
            "note/hat_1"
        ],
        "subtitle": "subtitles.block.note_block.note"
    },
    "block.note_block.hat_2": {
        "sounds": [
            "note/hat_2"
        ],
        "subtitle": "subtitles.block.note_block.note"
    },
    "block.note_block.iron_xylophone_-2": {
        "sounds": [
            "note/iron_xylophone_-2"
        ],
        "subtitle": "subtitles.block.note_block.note"
    },
    "block.note_block.iron_xylophone_-1": {
        "sounds": [
            "note/iron_xylophone_-1"
        ],
        "subtitle": "subtitles.block.note_block.note"
    },
    "block.note_block.iron_xylophone_1": {
        "sounds": [
            "note/iron_xylophone_1"
        ],
        "subtitle": "subtitles.block.note_block.note"
    },
    "block.note_block.iron_xylophone_2": {
        "sounds": [
            "note/iron_xylophone_2"
        ],
        "subtitle": "subtitles.block.note_block.note"
    },
    "block.note_block.pling_-2": {
        "sounds": [
            "note/pling_-2"
        ],
        "subtitle": "subtitles.block.note_block.note"
    },
    "block.note_block.pling_-1": {
        "sounds": [
            "note/pling_-1"
        ],
        "subtitle": "subtitles.block.note_block.note"
    },
    "block.note_block.pling_1": {
        "sounds": [
            "note/pling_1"
        ],
        "subtitle": "subtitles.block.note_block.note"
    },
    "block.note_block.pling_2": {
        "sounds": [
            "note/pling_2"
        ],
        "subtitle": "subtitles.block.note_block.note"
    },
    "block.note_block.snare_-2": {
        "sounds": [
            "note/snare_-2"
        ],
        "subtitle": "subtitles.block.note_block.note"
    },
    "block.note_block.snare_-1": {
        "sounds": [
            "note/snare_-1"
        ],
        "subtitle": "subtitles.block.note_block.note"
    },
    "block.note_block.snare_1": {
        "sounds": [
            "note/snare_1"
        ],
        "subtitle": "subtitles.block.note_block.note"
    },
    "block.note_block.snare_2": {
        "sounds": [
            "note/snare_2"
        ],
        "subtitle": "subtitles.block.note_block.note"
    },
    "block.note_block.xylophone_-2": {
        "sounds": [
            "note/xylobone_-2"
        ],
        "subtitle": "subtitles.block.note_block.note"
    },
    "block.note_block.xylophone_-1": {
        "sounds": [
            "note/xylobone_-1"
        ],
        "subtitle": "subtitles.block.note_block.note"
    },
    "block.note_block.xylophone_1": {
        "sounds": [
            "note/xylobone_1"
        ],
        "subtitle": "subtitles.block.note_block.note"
    },
    "block.note_block.xylophone_2": {
        "sounds": [
            "note/xylobone_2"
        ],
        "subtitle": "subtitles.block.note_block.note"
    }
}
